"Num_Acc";"id_vehicule";"num_veh";"senc";"catv";"obs";"obsm";"choc";"manv";"motor";"occutc"
"201900000752";"138 305 161";"B01";"1";"33";"0";"6";"1";"1";"1";""
"201900000752";"138 305 162";"A01";"1";"10";"0";"0";"0";"17";"1";""
"201900000753";"138 305 160";"A01";"3";"7";"0";"1";"1";"1";"1";""
"201900000754";"138 305 158";"A01";"2";"7";"0";"2";"1";"1";"1";""
"201900000754";"138 305 159";"B01";"1";"7";"0";"2";"4";"1";"0";""
"201900000755";"138 305 156";"B01";"1";"7";"0";"2";"6";"1";"0";""
"201900000755";"138 305 157";"A01";"1";"7";"0";"2";"1";"1";"1";""
"201900000756";"138 305 155";"A01";"3";"2";"0";"1";"1";"9";"1";""
"201900000757";"138 305 153";"A01";"3";"7";"0";"2";"1";"9";"1";""
"201900000757";"138 305 154";"B01";"3";"31";"0";"2";"7";"1";"1";""
"201900000758";"138 305 151";"B01";"1";"7";"0";"2";"7";"16";"1";""
"201900000758";"138 305 152";"A01";"3";"30";"15";"2";"1";"26";"1";""
"201900000759";"138 305 150";"A01";"1";"7";"0";"1";"1";"9";"1";""
"201900000760";"138 305 148";"B01";"2";"7";"0";"2";"3";"1";"1";""
"201900000760";"138 305 149";"A01";"2";"60";"0";"2";"7";"19";"5";""
"201900000761";"138 305 147";"A01";"1";"33";"0";"1";"1";"1";"1";""
"201900000762";"138 305 145";"B01";"2";"34";"0";"2";"7";"0";"1";""
"201900000762";"138 305 146";"A01";"2";"7";"0";"2";"2";"9";"1";""
"201900000763";"138 305 143";"A01";"1";"7";"0";"2";"2";"15";"1";""
"201900000763";"138 305 144";"B01";"2";"33";"0";"2";"1";"1";"1";""
"201900000764";"138 305 141";"A01";"1";"1";"0";"2";"8";"1";"5";""
"201900000764";"138 305 142";"Z01";"1";"7";"0";"2";"7";"1";"0";""
"201900000765";"138 305 140";"A01";"1";"1";"1";"0";"1";"1";"5";""
"201900000766";"138 305 138";"A01";"0";"2";"0";"2";"1";"1";"1";""
"201900000766";"138 305 139";"B01";"0";"7";"0";"2";"6";"1";"1";""
"201900000767";"138 305 137";"A01";"2";"30";"0";"0";"0";"0";"1";""
"201900000768";"138 305 135";"A01";"1";"30";"0";"0";"1";"1";"0";""
"201900000768";"138 305 136";"B01";"1";"32";"0";"2";"3";"1";"1";""
"201900000769";"138 305 133";"A01";"2";"30";"0";"2";"1";"1";"1";""
"201900000769";"138 305 134";"B01";"1";"10";"0";"2";"3";"1";"1";""
"201900000770";"138 305 132";"A01";"1";"2";"8";"0";"1";"1";"1";""
"201900000771";"138 305 130";"B01";"2";"7";"0";"2";"2";"15";"1";""
"201900000771";"138 305 131";"A01";"1";"1";"0";"2";"1";"1";"5";""
"201900000772";"138 305 128";"A01";"2";"7";"0";"2";"1";"9";"1";""
"201900000772";"138 305 129";"B01";"1";"7";"0";"2";"6";"1";"1";""
"201900000773";"138 305 126";"A01";"2";"7";"0";"2";"7";"15";"1";""
"201900000773";"138 305 127";"B01";"2";"30";"0";"2";"1";"1";"1";""
"201900000774";"138 305 124";"A01";"1";"1";"0";"2";"0";"1";"5";""
"201900000774";"138 305 125";"B01";"2";"1";"0";"2";"1";"15";"0";""
"201900000775";"138 305 122";"A01";"3";"7";"0";"2";"1";"13";"1";""
"201900000775";"138 305 123";"B01";"0";"7";"0";"2";"1";"1";"1";""
"201900000776";"138 305 118";"B01";"3";"33";"0";"0";"0";"0";"1";""
"201900000776";"138 305 119";"A01";"3";"7";"0";"2";"7";"15";"1";""
"201900000777";"138 305 116";"B01";"1";"2";"0";"2";"1";"16";"1";""
"201900000777";"138 305 117";"A01";"2";"7";"0";"2";"2";"1";"1";""
"201900000778";"138 305 114";"B01";"1";"7";"0";"0";"4";"1";" -1";""
"201900000778";"138 305 115";"A01";"1";"33";"0";"2";"1";"1";"1";""
"201900000779";"138 305 112";"Z01";"1";"7";"0";"2";"2";"1";"1";""
"201900000779";"138 305 113";"B01";"1";"1";"0";"2";"8";"1";"5";""
"201900000780";"138 305 110";"B01";"1";"34";"0";"2";"1";"1";"1";""
"201900000780";"138 305 111";"A01";"1";"7";"0";"2";"7";"15";"1";""
"201900000781";"138 305 108";"A01";"1";"7";"0";"2";"2";"26";"1";""
"201900000781";"138 305 109";"B01";"2";"7";"0";"2";"1";"1";"1";""
"201900000782";"138 305 106";"A01";"1";"33";"0";"2";"1";"26";"1";""
"201900000782";"138 305 107";"B01";"2";"7";"0";"6";"8";"26";"1";""
"201900000783";"138 305 104";"A01";"2";"7";"0";"2";"2";"1";"1";""
"201900000783";"138 305 105";"B01";"2";"7";"0";"2";"1";"9";"1";""
"201900000784";"138 305 102";"B01";"2";"7";"0";"2";"4";"26";"1";""
"201900000784";"138 305 103";"A01";"2";"7";"0";"2";"1";"1";"1";""
"201900000785";"138 305 100";"B01";"2";"33";"0";"2";"1";"0";"1";""
"201900000785";"138 305 101";"A01";"2";"10";"0";"2";"3";"11";"1";""
"201900000786";"138 305 097";"C01";"0";"7";"0";"2";"4";"2";"1";""
"201900000786";"138 305 098";"B01";"0";"7";"0";"2";"4";"2";"1";""
"201900000786";"138 305 099";"A01";"0";"7";"0";"2";"1";"2";"1";""
"201900000787";"138 305 095";"B01";"3";"7";"0";"2";"6";"15";"1";""
"201900000787";"138 305 096";"A01";"0";"30";"0";"2";"1";"1";"1";""
"201900000788";"138 305 094";"A01";"1";"2";"0";"0";"8";"1";"1";""
"201900000789";"138 305 092";"A01";"1";"7";"0";"2";"3";"9";"1";""
"201900000789";"138 305 093";"B01";"3";"33";"0";"2";"0";"0";"1";""
"201900000790";"138 305 091";"A01";"2";"7";"0";"1";"0";"1";"1";""
"201900000791";"138 305 088";"A01";"1";"33";"0";"2";"1";"17";"1";""
"201900000791";"138 305 089";"B01";"1";"34";"0";"2";"1";"2";"1";""
"201900000791";"138 305 090";"C01";"1";"7";"0";"2";"3";"2";"1";""
"201900000792";"138 305 086";"A01";"1";"30";"0";"2";"1";"0";"0";""
"201900000792";"138 305 087";"Z01";"2";"7";"0";"2";"0";"0";"0";""
"201900000793";"138 305 083";"A01";"1";"7";"0";"2";"1";"16";"1";""
"201900000793";"138 305 084";"B01";"3";"1";"0";"2";"7";"19";"5";""
"201900000794";"138 305 082";"A01";"1";"33";"12";"0";"1";"17";"1";""
"201900000795";"138 305 080";"A01";"1";"2";"0";"2";"8";"15";"1";""
"201900000795";"138 305 081";"B01";"1";"7";"0";"2";"2";"1";"1";""
"201900000796";"138 305 078";"A01";"1";"30";"0";"2";"7";"17";"1";""
"201900000796";"138 305 079";"B01";"1";"7";"0";"2";"8";"1";"1";""
"201900000797";"138 305 076";"A01";"2";"7";"0";"2";"3";"11";"1";""
"201900000797";"138 305 077";"B01";"2";"34";"4";"2";"2";"1";"1";""
"201900000798";"138 305 074";"B01";"2";"7";"0";"2";"5";"1";"1";""
"201900000798";"138 305 075";"A01";"2";"33";"0";"2";"3";"13";"1";""
"201900000799";"138 305 071";"A01";"1";"31";"0";"2";"1";"3";"1";""
"201900000799";"138 305 072";"B01";"1";"7";"0";"2";"6";"1";"1";""
"201900000799";"138 305 073";"C01";"1";"7";"0";"2";"2";"1";"1";""
"201900000800";"138 305 069";"B01";"1";"32";"0";"2";"4";"18";"1";""
"201900000800";"138 305 070";"A01";"1";"7";"0";"2";"1";"16";"1";""
"201900000801";"138 305 067";"B01";"1";"7";"0";"2";"2";"1";"1";""
"201900000801";"138 305 068";"A01";"2";"32";"0";"2";"1";"1";"1";""
"201900000802";"138 305 065";"A01";"1";"10";"0";"2";"1";"15";"1";""
"201900000802";"138 305 066";"B01";"2";"32";"0";"2";"1";"1";"1";""
"201900000803";"138 305 064";"A01";"1";"30";"14";"0";"1";"13";"1";""
"201900000804";"138 305 063";"A01";"2";"32";"0";"1";"1";"1";"1";""
"201900000805";"138 305 061";"B01";"1";"7";"0";"2";"2";"15";"1";""
"201900000805";"138 305 062";"A01";"3";"30";"0";"2";"7";"1";"3";""
"201900000806";"138 305 056";"B01";"2";"7";"0";"2";"2";"4";"1";""
"201900000806";"138 305 057";"A01";"2";"34";"0";"2";"3";"2";"1";""
"201900000807";"138 305 054";"A01";"1";"1";"0";"2";"4";"7";"5";""
"201900000807";"138 305 055";"Z01";"1";"10";"0";"2";"1";"7";"0";""
"201900000808";"138 305 052";"B01";"2";"30";"0";"2";"7";"1";"1";""
"201900000808";"138 305 053";"A01";"2";"38";"0";"2";"8";"13";"1";"1"
"201900000809";"138 305 050";"B01";"1";"50";"0";"2";"4";"13";"3";""
"201900000809";"138 305 051";"A01";"1";"32";"0";"2";"1";"17";"1";""
"201900000810";"138 305 049";"B01";"1";"1";"1";"0";"1";"1";"5";""
"201900000811";"138 305 048";"A01";"1";"30";"0";"0";"0";"1";"1";""
"201900000812";"138 305 046";"A01";"2";"1";"0";"2";"1";"1";"5";""
"201900000812";"138 305 047";"Z01";"2";"7";"0";"2";"8";"22";"1";""
"201900000813";"138 305 045";"A01";"2";"3";"11";"0";"1";"1";"1";""
"201900000814";"138 305 043";"A01";"1";"7";"0";"2";"7";"1";"1";""
"201900000814";"138 305 044";"B01";"2";"7";"0";"2";"1";"1";"2";""
"201900000815";"138 305 042";"A01";"1";"1";"0";"1";"1";"7";"5";""
"201900000816";"138 305 040";"Z01";"1";"7";"0";"2";"0";"0";"0";""
"201900000816";"138 305 041";"A01";"1";"33";"0";"2";"1";"21";"1";""
"201900000817";"138 305 038";"A01";"2";"50";"0";"2";"0";"2";"3";""
"201900000817";"138 305 039";"B01";"2";"32";"0";"2";"0";"2";"1";""
"201900000818";"138 305 037";"A01";"1";"37";"0";"1";"2";"2";"1";"1"
"201900000819";"138 305 035";"B01";"0";"13";"0";"2";"3";"15";"0";""
"201900000819";"138 305 036";"A01";"0";"32";"0";"2";"1";"1";"1";""
"201900000820";"138 305 033";"A01";"2";"10";"0";"2";"7";"15";"1";""
"201900000820";"138 305 034";"B01";"1";"33";"0";"2";"7";"1";"1";""
"201900000821";"138 305 032";"A01";"2";"7";"0";"1";"2";"1";"1";""
"201900000822";"138 305 031";"A01";"1";"20";"0";"1";"3";"1";"1";""
"201900000823";"138 305 029";"A01";"1";"33";"1";"0";"2";"9";"1";""
"201900000823";"138 305 030";"C01";"3";"7";"0";"2";"0";"0";"1";""
"201900000824";"138 305 027";"A01";"1";"7";"0";"6";"1";"1";"0";""
"201900000824";"138 305 028";"B01";"2";"1";"0";"2";"1";"1";"5";""
"201900000825";"138 305 025";"B01";"1";"7";"0";"2";"2";"1";"1";""
"201900000825";"138 305 026";"A01";"1";"7";"0";"2";"0";"0";"1";""
"201900000826";"138 305 023";"B01";"3";"31";"0";"2";"1";"1";"1";""
"201900000826";"138 305 024";"A01";"3";"7";"0";"2";"8";"15";"1";""
"201900000827";"138 305 021";"A01";"3";"7";"0";"2";"1";"2";"0";""
"201900000827";"138 305 022";"B01";"3";"7";"0";"2";"4";"2";"1";""
"201900000828";"138 305 019";"B01";"1";"7";"0";"2";"8";"15";"1";""
"201900000828";"138 305 020";"A01";"1";"33";"0";"2";"1";"17";"1";""
"201900000829";"138 305 017";"A01";"3";"30";"0";"2";"2";"9";"1";""
"201900000829";"138 305 018";"B01";"3";"7";"0";"2";"1";"9";"1";""
"201900000830";"138 305 016";"A01";"3";"7";"0";"1";"2";"16";"1";""
"201900000831";"138 305 014";"A01";"1";"7";"0";"2";"5";"15";"1";""
"201900000831";"138 305 015";"B01";"2";"30";"0";"2";"1";"7";"1";""
"201900000832";"138 305 013";"A01";"2";"7";"8";"0";"3";"1";"1";""
"201900000833";"138 305 012";"A01";"2";"34";"0";"1";"1";"26";"1";""
"201900000834";"138 305 011";"A01";"3";"34";"0";"1";"1";"1";"1";""
"201900000835";"138 305 009";"B01";"3";"7";"0";"2";"2";"1";"1";""
"201900000835";"138 305 010";"A01";"3";"80";"0";"2";"2";"15";"3";""
"201900000836";"138 305 008";"A01";"3";"7";"0";"1";"1";"1";"0";""
"201900000837";"138 305 007";"A01";"1";"7";"0";"1";"2";"0";"1";""
"201900000838";"138 305 006";"A01";"1";"7";"0";"1";"2";"15";"0";""
"201900000839";"138 305 005";"A01";"0";"7";"0";"0";"0";"16";"0";""
"201900000840";"138 305 003";"B01";"1";"7";"0";"2";"6";"9";"1";""
"201900000840";"138 305 004";"A01";"1";"7";"0";"2";"1";"9";"1";""
"201900000841";"138 305 001";"A01";"1";"7";"0";"2";"2";"17";"1";""
"201900000841";"138 305 002";"B01";"1";"1";"0";"2";"3";"1";"5";""
"201900000842";"138 304 999";"B01";"3";"32";"0";"2";"8";"1";"1";""
"201900000842";"138 305 000";"A01";"3";"7";"0";"2";"2";"15";"1";""
"201900000843";"138 304 998";"A01";"0";"0";"0";"1";"0";"0";" -1";""
"201900000844";"138 304 996";"A01";"3";"7";"0";"2";"5";"25";"1";""
"201900000844";"138 304 997";"B01";"3";"7";"0";"2";"2";"1";"1";""
"201900000845";"138 304 995";"A01";"1";"3";"0";"1";"1";"26";"0";""
"201900000846";"138 304 993";"A01";"3";"1";"0";"1";"1";"1";"5";""
"201900000846";"138 304 994";"Y01";"3";"0";"0";"6";"1";"1";"5";""
"201900000847";"138 304 990";"A01";"2";"7";"0";"2";"8";"14";"1";""
"201900000847";"138 304 991";"B01";"2";"7";"0";"2";"7";"14";"1";""
"201900000847";"138 304 992";"C01";"1";"17";"0";"1";"8";"15";"0";""
"201900000848";"138 304 987";"Y01";"3";"0";"0";"0";"0";"0";"0";""
"201900000848";"138 304 988";"B01";"3";"37";"0";"1";"5";"0";"1";"1"
"201900000848";"138 304 989";"A01";"3";"7";"0";"1";"2";"1";"1";""
"201900000849";"138 304 986";"A01";"1";"7";"0";"1";"1";"26";"1";""
"201900000850";"138 304 983";"A01";"1";"33";"0";"0";"8";"1";"1";""
"201900000851";"138 304 980";"A01";"2";"7";"0";"2";"3";"9";"1";""
"201900000851";"138 304 981";"B01";"2";"30";"0";"2";"5";"16";"1";""
"201900000852";"138 304 978";"B01";"0";"7";"0";"2";"3";"1";"1";""
"201900000852";"138 304 979";"A01";"0";"33";"0";"2";"1";"19";"1";""
"201900000853";"138 304 977";"A01";"1";"33";"6";"0";"1";"0";"1";""
"201900000854";"138 304 976";"A01";"2";"33";"13";"0";"0";"13";"6";""
"201900000855";"138 304 974";"B01";"0";"50";"0";"2";"1";"1";"3";""
"201900000855";"138 304 975";"A01";"3";"7";"0";"9";"5";"16";"0";""
"201900000856";"138 304 973";"A01";"1";"7";"6";"0";"1";"1";"1";""
"201900000857";"138 304 971";"B01";"3";"7";"0";"2";"1";"1";"1";""
"201900000857";"138 304 972";"A01";"0";"1";"0";"2";"4";"23";"5";""
"201900000858";"138 304 969";"B01";"0";"1";"0";"2";"5";"2";"5";""
"201900000858";"138 304 970";"A01";"3";"1";"0";"9";"0";"2";"5";""
"201900000859";"138 304 968";"A01";"2";"7";"0";"1";"1";"1";"0";""
"201900000860";"138 304 967";"A01";"1";"33";"13";"0";"1";"1";"1";""
"201900000861";"138 304 966";"A01";"1";"7";"0";"0";"0";"1";"1";""
"201900000862";"138 304 964";"A01";"2";"7";"0";"0";"3";"3";"1";""
"201900000862";"138 304 965";"B01";"1";"7";"0";"0";"3";"1";"1";""
"201900000863";"138 304 963";"A01";"3";"31";"0";"0";"8";"1";"1";""
"201900000864";"138 304 961";"A01";"2";"7";"0";"0";"1";"1";"1";""
"201900000864";"138 304 962";"B01";"1";"7";"9";"2";"1";"13";"1";""
"201900000865";"138 304 959";"B01";"2";"7";"0";"0";"4";"26";"0";""
"201900000865";"138 304 960";"A01";"2";"7";"3";"2";"1";"0";"0";""
"201900000866";"138 304 958";"A01";"2";"1";"10";"0";"1";"1";"5";""
"201900000867";"138 304 955";"A01";"2";"33";"0";"2";"1";"1";"1";""
"201900000867";"138 304 956";"B01";"2";"7";"0";"2";"3";"1";"1";""
"201900000868";"138 304 954";"A01";"2";"7";"13";"0";"2";"14";"1";""
"201900000869";"138 304 952";"B01";"2";"7";"0";"2";"1";"1";"1";""
"201900000869";"138 304 953";"A01";"1";"2";"0";"2";"1";"15";"1";""
"201900000870";"138 304 950";"B01";"2";"21";"0";"0";"4";"11";"1";""
"201900000870";"138 304 951";"A01";"2";"2";"0";"2";"1";"1";"1";""
"201900000871";"138 304 948";"A01";"1";"21";"0";"9";"3";"13";"1";""
"201900000871";"138 304 949";"B01";"2";"30";"0";"9";"8";"0";"1";""
"201900000872";"138 304 947";"A01";"1";"33";"0";"0";"0";"1";"1";""
"201900000873";"138 304 946";"A01";"2";"7";"7";"0";"8";"0";"1";""
"201900000874";"138 304 945";"A01";"2";"7";"0";"0";"1";"1";"1";""
"201900000875";"138 304 942";"A01";"1";"7";"0";"0";"9";"0";"1";""
"201900000876";"138 304 941";"A01";"0";"7";"13";"0";"2";"1";"0";""
"201900000877";"138 304 940";"A01";"2";"2";"3";"0";"0";"13";"1";""
"201900000878";"138 304 938";"B01";"2";"7";"0";"2";"3";"13";"1";""
"201900000878";"138 304 939";"A01";"1";"7";"0";"2";"3";"1";"1";""
"201900000879";"138 304 936";"B01";"0";"1";"0";"2";"4";"2";"5";""
"201900000879";"138 304 937";"A01";"0";"7";"0";"2";"2";"2";"1";""
"201900000880";"138 304 934";"B01";"1";"7";"0";"0";"6";"23";"1";""
"201900000880";"138 304 935";"A01";"1";"33";"0";"2";"1";"2";"1";""
"201900000881";"138 304 933";"A01";"2";"33";"13";"0";"1";"1";"1";""
"201900000882";"138 304 932";"A01";"1";"33";"0";"0";"7";"21";"1";""
"201900000883";"138 304 930";"A01";"2";"10";"0";"2";"2";"15";"1";""
"201900000883";"138 304 931";"B01";"1";"33";"0";"2";"1";"1";"1";""
"201900000884";"138 304 928";"B01";"0";"2";"0";"2";"1";"1";"1";""
"201900000884";"138 304 929";"A01";"0";"2";"0";"2";"1";"1";"1";""
"201900000885";"138 304 926";"A01";"2";"7";"0";"2";"3";"13";"1";""
"201900000885";"138 304 927";"B01";"1";"38";"0";"0";"3";"1";"1";"1"
"201900000886";"138 304 925";"A01";"2";"7";"2";"0";"3";"13";"1";""
"201900000887";"138 304 923";"A01";"2";"38";"0";"9";"1";"15";"1";"1"
"201900000887";"138 304 924";"B01";"2";"1";"0";"2";"8";"5";"5";""
"201900000888";"138 304 921";"B01";"3";"1";"0";"9";"2";"19";"5";""
"201900000888";"138 304 922";"A01";"3";"50";"0";"9";"7";"1";"3";""
"201900000889";"138 304 919";"A01";"1";"1";"0";"2";"1";"2";"5";""
"201900000889";"138 304 920";"B01";"1";"1";"0";"0";"4";"2";"5";""
"201900000890";"138 304 918";"A01";"3";"7";"8";"0";"7";"1";"1";""
"201900000891";"138 304 917";"A01";"3";"7";"0";"0";"9";"0";"1";""
"201900000892";"138 304 915";"B01";"2";"7";"8";"2";"1";"1";"1";""
"201900000892";"138 304 916";"A01";"1";"7";"0";"2";"1";"17";"1";""
"201900000893";"138 304 913";"B01";"1";"2";"0";"2";"3";"1";"1";""
"201900000893";"138 304 914";"A01";"3";"10";"0";"2";"7";"4";"1";""
"201900000894";"138 304 911";"A01";"1";"7";"0";"2";"3";"13";"0";""
"201900000894";"138 304 912";"B01";"1";"31";"14";"2";"7";"17";"0";""
"201900000895";"138 304 910";"A01";"3";"7";"0";"1";"3";"1";"1";""
"201900000896";"138 304 909";"A01";"1";"7";"0";"1";"1";"1";"1";""
"201900000897";"138 304 908";"A01";"1";"17";"3";"0";"0";"0";"1";""
"201900000898";"138 304 907";"A01";"1";"33";"3";"0";"3";"1";"1";""
"201900000899";"138 304 906";"A01";"3";"7";"6";"0";"1";"16";"1";""
"201900000900";"138 304 905";"A01";"0";"7";"0";"1";"2";"15";"1";""
"201900000901";"138 304 904";"A01";"1";"7";"16";"0";"9";"1";"1";""
"201900000902";"138 304 903";"A01";"1";"7";"2";"0";"0";"5";"0";""
"201900000903";"138 304 901";"B01";"0";"33";"0";"1";"1";"1";"1";""
"201900000903";"138 304 902";"A01";"0";"31";"0";"0";"0";"0";"1";""
"201900000904";"138 304 899";"A01";"2";"7";"0";"2";"1";"13";"1";""
"201900000904";"138 304 900";"B01";"1";"7";"0";"2";"1";"1";"1";""
"201900000905";"138 304 898";"A01";"2";"33";"11";"0";"1";"1";"1";""
"201900000906";"138 304 896";"A01";"1";"7";"0";"2";"1";"13";"1";""
"201900000906";"138 304 897";"B01";"2";"7";"0";"2";"1";"1";"1";""
"201900000907";"138 304 892";"B01";"0";"1";"0";"2";"7";"19";"5";""
"201900000907";"138 304 893";"A01";"1";"7";"0";"9";"1";"1";"1";""
"201900000908";"138 304 890";"B01";"2";"7";"0";"2";"3";"1";"1";""
"201900000908";"138 304 891";"A01";"1";"7";"0";"2";"3";"13";"1";""
"201900000909";"138 304 888";"B01";"1";"7";"0";"2";"1";"2";"1";""
"201900000909";"138 304 889";"A01";"1";"7";"0";"2";"4";"1";"1";""
"201900000910";"138 304 886";"A01";"1";"10";"0";"2";"5";"23";"1";""
"201900000910";"138 304 887";"B01";"1";"33";"14";"0";"1";"2";"1";""
"201900000911";"138 304 884";"A01";"2";"7";"0";"2";"7";"12";"1";""
"201900000911";"138 304 885";"B01";"2";"32";"0";"2";"8";"1";"1";""
"201900000912";"138 304 882";"A01";"1";"7";"0";"2";"1";"2";"0";""
"201900000912";"138 304 883";"B01";"1";"10";"0";"2";"4";"1";"0";""
"201900000913";"138 304 880";"B01";"2";"7";"0";"2";"8";"1";"1";""
"201900000913";"138 304 881";"A01";"2";"33";"0";"2";"7";"3";"1";""
"201900000914";"138 304 878";"A01";"2";"10";"0";"2";"8";"11";"1";""
"201900000914";"138 304 879";"B01";"2";"33";"0";"2";"7";"1";"0";""
"201900000915";"138 304 876";"B01";"1";"7";"0";"2";"3";"1";"1";""
"201900000915";"138 304 877";"A01";"1";"7";"0";"2";"2";"12";"1";""
"201900000916";"138 304 874";"B01";"1";"10";"0";"2";"4";"2";"1";""
"201900000916";"138 304 875";"A01";"1";"33";"0";"2";"1";"2";"1";""
"201900000917";"138 304 872";"B01";"2";"7";"0";"2";"2";"17";"1";""
"201900000917";"138 304 873";"A01";"2";"7";"0";"2";"4";"1";"1";""
"201900000918";"138 304 870";"B01";"1";"7";"4";"2";"2";"2";"1";""
"201900000918";"138 304 871";"A01";"1";"7";"4";"2";"8";"13";"1";""
"201900000919";"138 304 867";"A01";"2";"10";"0";"2";"0";"12";"1";""
"201900000919";"138 304 868";"B01";"2";"33";"0";"0";"3";"1";"0";""
"201900000919";"138 304 869";"C01";"2";"7";"0";"2";"3";"1";"1";""
"201900000920";"138 304 864";"A01";"1";"7";"0";"2";"3";"13";"1";""
"201900000920";"138 304 865";"B01";"2";"7";"13";"2";"6";"1";"1";""
"201900000921";"138 304 863";"B01";" -1";"32";" -1";" -1";" -1";" -1";" -1";""
"201900000922";"138 304 861";"B01";"1";"7";"0";"2";"1";"1";"1";""
"201900000922";"138 304 862";"A01";"3";"7";"0";"2";"1";"9";"1";""
"201900000923";"138 304 859";"B01";"2";"7";"0";"2";"1";"15";"1";""
"201900000923";"138 304 860";"A01";"1";"31";"0";"2";"7";"3";"1";""
"201900000924";"138 304 855";"D01";"0";"17";"0";"2";"4";"1";"0";""
"201900000924";"138 304 856";"C01";"0";"7";"0";"2";"4";"1";"0";""
"201900000924";"138 304 857";"B01";"3";"7";"0";"2";"4";"2";"0";""
"201900000924";"138 304 858";"A01";"3";"99";"0";"2";"1";"2";"0";""
"201900000925";"138 304 853";"A01";"3";"7";"0";"2";"3";"20";"1";""
"201900000925";"138 304 854";"B01";"3";"2";"0";"2";"1";"1";"1";""
"201900000926";"138 304 852";"A01";"1";"33";"11";"0";"1";"1";"1";""
"201900000927";"138 304 851";"A01";"2";"7";"3";"0";"2";"17";"1";""
"201900000928";"138 304 850";"A01";"2";"2";"12";"0";"7";"14";"1";""
"201900000929";"138 304 848";"B01";"3";"21";"0";"0";"8";"15";"1";""
"201900000929";"138 304 849";"A01";"3";"33";"0";"2";"1";"17";"1";""
"201900000930";"138 304 846";"A01";"2";"7";"0";"2";"3";"13";"1";""
"201900000930";"138 304 847";"B01";"1";"7";"0";"2";"8";"1";"1";""
"201900000931";"138 304 845";"A01";"3";"7";"0";"1";"3";"15";"1";""
"201900000932";"138 304 843";"A01";"2";"7";"0";"2";"6";"17";"1";""
"201900000932";"138 304 844";"B01";"2";"33";"0";"2";"1";"17";"1";""
"201900000933";"138 304 841";"B01";"0";"99";"0";"2";"0";"0";"5";""
"201900000933";"138 304 842";"A01";"1";"7";"0";"1";"1";"1";"1";""
"201900000934";"138 304 840";"A01";"2";"7";"8";"0";"2";"1";"1";""
"201900000935";"138 304 837";"A01";"3";"50";"0";"0";"0";"1";"3";""
"201900000936";"138 304 836";"A01";"3";"7";"0";"1";"1";"1";"0";""
"201900000937";"138 304 835";"A01";"2";"7";"4";"0";"1";"1";"1";""
"201900000938";"138 304 834";"A01";"2";"17";"3";"0";"1";"0";"1";""