"Num_Acc";"id_vehicule";"num_veh";"senc";"catv";"obs";"obsm";"choc";"manv";"motor";"occutc"
"201900000939";"138 304 833";"A01";"1";"7";"2";"0";"3";"1";"1";""
"201900000940";"138 304 831";"B01";"1";"7";"0";"2";"8";"19";"1";""
"201900000940";"138 304 832";"A01";"0";"7";"0";"2";"1";"1";"1";""
"201900000941";"138 304 829";"B01";"2";"7";"0";"2";"2";"1";"1";""
"201900000941";"138 304 830";"A01";"1";"7";"0";"2";"7";"15";"1";""
"201900000942";"138 304 827";"A01";"0";"7";"2";"0";"0";"0";" -1";""
"201900000943";"138 304 826";"A01";"0";"30";"0";"0";"0";"0";" -1";""
"201900000944";"138 304 825";"A01";"3";"7";"2";"0";"7";"13";"1";""
"201900000945";"138 304 823";"B01";"0";"3";"0";"0";"0";"9";"1";""
"201900000945";"138 304 824";"A01";"3";"7";"6";"0";"1";"1";"1";""
"201900000946";"138 304 822";"A01";"2";"7";"13";"0";"6";"0";"1";""
"201900000947";"138 304 821";"A01";"3";"7";"2";"9";"1";"1";"6";""
"201900000948";"138 304 819";"B01";"1";"7";"0";"2";"4";"1";"1";""
"201900000948";"138 304 820";"A01";"1";"14";"0";"2";"1";"1";"1";""
"201900000949";"138 304 817";"A01";"2";"7";"0";"2";"1";"1";"1";""
"201900000949";"138 304 818";"B01";"2";"33";"0";"2";"4";"1";"1";""
"201900000950";"138 304 815";"B01";"2";"33";"0";"2";"8";"2";"1";""
"201900000950";"138 304 816";"A01";"1";"10";"0";"2";"2";"13";"1";""
"201900000951";"138 304 813";"B01";"2";"7";"0";"2";"1";"19";"1";""
"201900000951";"138 304 814";"A01";"1";"10";"0";"2";"1";"1";"1";""
"201900000952";"138 304 811";"A01";"2";"7";"0";"2";"1";"1";"0";""
"201900000952";"138 304 812";"B01";"2";"7";"0";"2";"4";"1";"0";""
"201900000953";"138 304 809";"A01";"1";"10";"0";"2";"2";"15";"1";""
"201900000953";"138 304 810";"B01";"2";"33";"0";"2";"1";"1";"1";""
"201900000954";"138 304 808";"A01";"1";"33";"9";"0";"1";"1";"1";""
"201900000955";"138 304 805";"B01";"2";"0";"0";"0";"0";"0";" -1";""
"201900000955";"138 304 806";"A01";"1";"7";"0";"1";"1";"15";"1";""
"201900000956";"138 304 801";"A01";"0";"33";"9";"0";"0";"16";"1";""
"201900000957";"138 304 799";"A01";"3";"99";"0";"9";"1";"17";"1";""
"201900000957";"138 304 800";"B01";"3";"99";"0";"9";"6";"15";"1";""
"201900000958";"138 304 797";"A01";"3";"7";"0";"2";"4";"4";"1";""
"201900000958";"138 304 798";"B01";"3";"30";"0";"2";"1";"1";"1";""
"201900000959";"138 304 795";"B01";"2";"7";"0";"2";"5";"1";"1";""
"201900000959";"138 304 796";"A01";"2";"10";"0";"2";"1";"2";"1";""
"201900000960";"138 304 794";"A01";"1";"20";"1";"0";"7";"14";"0";""
"201900000961";"138 304 791";"A01";"3";"7";"0";"2";"2";"13";"1";""
"201900000961";"138 304 792";"B01";"3";"7";"0";"2";"4";"16";"1";""
"201900000961";"138 304 793";"C01";"3";"7";"0";"2";"2";"2";"1";""
"201900000962";"138 304 788";"A01";"2";"7";"0";"1";"1";"1";"1";""
"201900000963";"138 304 786";"A01";"0";"7";"15";"2";"2";"15";"1";""
"201900000963";"138 304 787";"B01";"0";"7";"14";"2";"1";"1";"1";""
"201900000964";"138 304 785";"A01";"3";"33";"2";"0";"1";"21";"1";""
"201900000965";"138 304 784";"A01";"2";"1";"0";"2";"8";"1";"5";""
"201900000966";"138 304 782";"B01";"2";"2";"0";"2";"3";"1";"1";""
"201900000966";"138 304 783";"A01";"1";"7";"0";"2";"1";"15";"1";""
"201900000967";"138 304 781";"A01";"1";"10";"0";"1";"1";"15";"0";""
"201900000968";"138 304 780";"A01";"1";"7";"0";"1";"1";"19";"1";""
"201900000969";"138 304 778";"B01";"1";"33";"0";"2";"1";"1";"1";""
"201900000969";"138 304 779";"A01";"0";"7";"0";"2";"3";"15";"1";""
"201900000970";"138 304 777";"A01";"2";"7";"0";"1";"3";"1";"1";""
"201900000971";"138 304 776";"A01";"1";"7";"0";"1";"2";"1";"1";""
"201900000972";"138 304 775";"A01";"1";"7";"0";"1";"1";"2";"1";""
"201900000973";"138 304 773";"B01";"3";"7";"0";"2";"2";"9";"0";""
"201900000973";"138 304 774";"A01";"3";"34";"0";"2";"3";"17";"0";""
"201900000974";"138 304 771";"B01";"3";"2";"0";"2";"1";"1";"1";""
"201900000974";"138 304 772";"A01";"3";"7";"0";"2";"2";"15";"1";""
"201900000975";"138 304 769";"A01";"1";"7";"0";"2";"3";"10";"1";""
"201900000975";"138 304 770";"B01";"0";"33";"0";"2";"1";"1";"1";""
"201900000976";"138 304 767";"B01";"1";"30";"0";"2";"0";"14";"0";""
"201900000976";"138 304 768";"A01";"1";"99";"0";"2";"0";"1";"1";""
"201900000977";"138 304 766";"A01";"0";"33";"9";"0";"0";"0";" -1";""
"201900000978";"138 304 764";"A01";"0";"7";"0";"1";"2";"21";"1";""
"201900000979";"138 304 761";"A01";"1";"7";"6";"0";"1";"26";"0";""
"201900000980";"138 304 760";"A01";"1";"7";"0";"1";"2";"2";"0";""
"201900000981";"138 304 758";"A01";"1";"7";"0";"2";"8";"13";"1";""
"201900000981";"138 304 759";"B01";"1";"32";"0";"2";"2";"1";"1";""
"201900000982";"138 304 756";"B01";"2";"14";"8";"0";"5";"2";"0";""
"201900000982";"138 304 757";"A01";"1";"7";"8";"0";"8";"16";"1";""
"201900000983";"138 304 754";"B01";"0";"10";"0";"2";"1";"1";"1";""
"201900000983";"138 304 755";"A01";"2";"7";"0";"2";"1";"13";"1";""
"201900000984";"138 304 751";"C01";"1";"10";"0";"2";"6";"2";"1";""
"201900000984";"138 304 752";"B01";"1";"7";"0";"2";"5";"2";"1";""
"201900000984";"138 304 753";"A01";"1";"30";"0";"2";"8";"3";"1";""
"201900000985";"138 304 749";"B01";"2";"7";"0";"2";"1";"2";"1";""
"201900000985";"138 304 750";"A01";"2";"7";"0";"2";"4";"2";"2";""
"201900000986";"138 304 748";"A01";"3";"7";"13";"0";"1";"26";"1";""
"201900000987";"138 304 743";"E01";"1";"7";"0";"2";"4";"2";"1";""
"201900000987";"138 304 744";"D01";"1";"7";"0";"2";"4";"2";"1";""
"201900000987";"138 304 745";"C01";"1";"7";"0";"2";"4";"2";"1";""
"201900000987";"138 304 746";"B01";"1";"7";"0";"2";"4";"2";"1";""
"201900000987";"138 304 747";"A01";"1";"7";"0";"2";"1";"2";"1";""
"201900000988";"138 304 740";"A01";"1";"7";"0";"2";"0";"1";"1";""
"201900000988";"138 304 741";"B01";"1";"30";"0";"2";"2";"21";"1";""
"201900000989";"138 304 738";"A01";"3";"7";"0";"4";"2";"19";"1";""
"201900000989";"138 304 739";"B01";"3";"40";"0";"2";"1";"1";"3";""
"201900000990";"138 304 737";"A01";"1";"7";"0";"1";"3";"16";"1";""
"201900000991";"138 304 734";"A01";"1";"7";"0";"6";"0";"9";"1";""
"201900000991";"138 304 735";"B01";"1";"1";"0";"2";"1";"1";"5";""
"201900000991";"138 304 736";"C01";"1";"2";"0";"2";"1";"1";"1";""
"201900000992";"138 304 733";"A01";"2";"15";"3";"0";"3";"13";" -1";""
"201900000993";"138 304 731";"B01";"2";"15";"0";"2";"1";"1";"0";""
"201900000993";"138 304 732";"A01";"2";"7";"0";"2";"4";"23";"0";""
"201900000994";"138 304 730";"A01";"3";"7";"0";"1";"1";"1";"0";""
"201900000995";"138 304 728";"B01";"3";"7";"0";"2";"3";"1";"1";""
"201900000995";"138 304 729";"A01";"3";"3";"0";"2";"8";"9";"1";""
"201900000996";"138 304 727";"A01";"2";"7";"2";"0";"8";"21";"1";""
"201900000997";"138 304 725";"A01";"2";"33";"0";"2";"8";"17";"1";""
"201900000997";"138 304 726";"B01";"1";"7";"0";"2";"8";"1";"1";""
"201900000998";"138 304 724";"A01";"3";"7";"0";"1";"3";"1";"0";""
"201900000999";"138 304 721";"C01";"1";"7";"0";"0";"5";"15";"1";""
"201900000999";"138 304 722";"B01";"1";"7";"0";"2";"4";"1";"1";""
"201900000999";"138 304 723";"A01";"1";"7";"0";"2";"1";"1";"1";""
"201900001000";"138 304 720";"A01";"2";"7";"0";"1";"1";"1";"1";""
"201900001001";"138 304 719";"A01";"1";"7";"8";"0";"0";"1";"1";""
"201900001002";"138 304 718";"A01";"2";"33";"0";"0";"0";"21";"1";""
"201900001003";"138 304 716";"B01";"1";"1";"0";"2";"7";"1";"5";""
"201900001003";"138 304 717";"A01";"2";"7";"0";"9";"3";"16";"1";""
"201900001004";"138 304 715";"A01";"1";"7";"0";"1";"1";"1";"1";""
"201900001005";"138 304 714";"A01";"3";"36";"13";"0";"3";"16";"1";""
"201900001006";"138 304 713";"A01";"1";"7";"0";"1";"2";"1";"1";""
"201900001007";"138 304 710";"A01";"0";"99";"0";"1";"3";"1";"1";""
"201900001008";"138 304 708";"A01";"2";"7";"0";"2";"3";"1";"1";""
"201900001008";"138 304 709";"B01";"1";"7";"0";"2";"1";"19";"1";""
"201900001009";"138 304 707";"A01";"1";"36";"0";"0";"0";"1";"1";""
"201900001010";"138 304 706";"A01";"2";"7";"13";"0";"2";"0";"1";""
"201900001011";"138 304 705";"A01";"1";"33";"12";"9";"9";"1";"1";""
"201900001012";"138 304 704";"A01";"3";"7";"0";"1";"2";"20";"1";""
"201900001013";"138 304 702";"B01";"3";"7";"0";"2";"3";"1";"1";""
"201900001013";"138 304 703";"A01";"3";"7";"0";"2";"3";"13";"2";""
"201900001014";"138 304 700";"B01";"1";"3";"0";"0";"4";"2";"1";""
"201900001014";"138 304 701";"A01";"1";"15";"0";"2";"2";"1";"1";""
"201900001015";"138 304 698";"B01";"1";"33";"0";"2";"1";"1";"1";""
"201900001015";"138 304 699";"A01";"1";"7";"0";"2";"5";"15";"1";""
"201900001016";"138 304 695";"A01";"0";"33";"0";"0";"0";"1";"1";""
"201900001017";"138 304 693";"B01";"1";"7";"0";"2";"1";"1";"1";""
"201900001017";"138 304 694";"A01";"2";"7";"0";"2";"1";"15";"1";""
"201900001018";"138 304 692";"A01";"3";"7";"0";"1";"3";"1";"1";""
"201900001019";"138 304 690";"B01";"2";"7";"0";"2";"1";"1";"0";""
"201900001019";"138 304 691";"A01";"1";"10";"0";"2";"1";"1";"0";""
"201900001020";"138 304 688";"A01";"1";"7";"13";"2";"1";"17";"0";""
"201900001020";"138 304 689";"B01";"1";"7";"0";"2";"3";"15";"0";""
"201900001021";"138 304 687";"A01";"3";"7";"0";"1";"8";"1";"0";""
"201900001022";"138 304 685";"A01";"1";"7";"0";"0";"5";"15";"1";""
"201900001022";"138 304 686";"B01";"2";"1";"0";"2";"1";"1";"5";""
"201900001023";"138 304 684";"A01";"0";"33";"0";"0";"0";"1";"1";""
"201900001024";"138 304 682";"A01";"2";"10";"0";"2";"5";"15";"1";""
"201900001024";"138 304 683";"B01";"1";"34";"0";"2";"1";"1";"1";""
"201900001025";"138 304 681";"A01";"2";"7";"0";"1";"2";"0";"1";""
"201900001026";"138 304 680";"A01";"2";"7";"15";"0";"9";"1";"1";""
"201900001027";"138 304 678";"A01";"1";"7";"3";"0";"4";"17";"1";""
"201900001027";"138 304 679";"B01";"1";"7";"0";"2";"1";"1";"1";""
"201900001028";"138 304 676";"B01";"1";"7";"0";"0";"4";"1";"0";""
"201900001028";"138 304 677";"A01";"1";"33";"0";"2";"1";"17";"1";""
"201900001029";"138 304 675";"A01";"2";"10";"17";"0";"2";"14";"1";""
"201900001030";"138 304 673";"B01";"1";"33";"0";"2";"2";"17";"1";""
"201900001030";"138 304 674";"A01";"1";"7";"0";"2";"8";"15";"1";""
"201900001031";"138 304 672";"A01";"0";"7";"6";"0";"1";"1";"0";""
"201900001032";"138 304 671";"A01";"3";"7";"2";"0";"1";"1";"1";""
"201900001033";"138 304 670";"A01";"3";"33";"1";"0";"1";"21";"1";""
"201900001034";"138 304 669";"A01";"3";"2";"0";"0";"1";"0";"1";""
"201900001035";"138 304 668";"A01";"1";"7";"6";"0";"2";"10";"1";""
"201900001036";"138 304 667";"A01";"3";"80";"14";"0";"7";"16";"3";""
"201900001037";"138 304 665";"A01";"1";"7";"0";"2";"5";"19";"1";""
"201900001037";"138 304 666";"B01";"1";"7";"0";"2";"1";"1";"1";""
"201900001038";"138 304 664";"A01";"1";"7";"8";"0";"2";"14";"1";""
"201900001039";"138 304 663";"A01";"1";"33";"7";"0";"1";"13";"1";""
"201900001040";"138 304 662";"A01";"3";"7";"0";"1";"5";"4";"1";""
"201900001041";"138 304 660";"B01";"1";"7";"0";"9";"4";"23";"1";""
"201900001041";"138 304 661";"A01";"1";"1";"0";"2";"1";"2";"5";""
"201900001042";"138 304 659";"A01";"0";"7";"0";"1";"2";"15";"0";""
"201900001043";"138 304 658";"A01";"2";"7";"2";"0";"1";"1";"1";""
"201900001044";"138 304 656";"B01";"2";"10";"0";"2";"3";"20";"1";""
"201900001044";"138 304 657";"A01";"2";"2";"0";"2";"1";"1";"1";""
"201900001045";"138 304 654";"A01";"3";"7";"0";"2";"1";"15";"1";""
"201900001045";"138 304 655";"B01";"3";"2";"0";"2";"1";"1";"1";""
"201900001046";"138 304 651";"C01";"1";"17";"0";"0";"0";"0";"0";""
"201900001046";"138 304 652";"A01";"1";"17";"0";"2";"1";"0";"0";""
"201900001047";"138 304 649";"A01";"1";"33";"0";"2";"8";"17";"1";""
"201900001047";"138 304 650";"B01";"2";"7";"0";"2";"8";"1";"1";""
"201900001048";"138 304 647";"B01";"1";"7";"0";"2";"1";"23";"1";""
"201900001048";"138 304 648";"A01";"1";"7";"0";"1";"4";"19";"1";""
"201900001049";"138 304 645";"B01";"2";"1";"0";"2";"8";"2";"6";""
"201900001049";"138 304 646";"A01";"2";"99";"0";"9";"2";"2";"1";""
"201900001050";"138 304 644";"A01";"3";"7";"16";"0";"1";"0";"1";""
"201900001051";"138 304 640";"B01";"2";"7";"0";"2";"3";"2";"1";""
"201900001051";"138 304 641";"C01";"2";"7";"0";"2";"1";"2";"1";""
"201900001051";"138 304 642";"D01";"2";"7";"0";"2";"1";"2";"1";""
"201900001051";"138 304 643";"A01";"2";"7";"0";"2";"5";"2";"1";""
"201900001052";"138 304 639";"A01";"2";"10";"4";"0";"3";"1";"1";""
"201900001053";"138 304 638";"A01";"2";"7";"4";"0";"8";"1";"1";""
"201900001054";"138 304 635";"A01";"1";"7";"0";"2";"4";"1";"1";""
"201900001054";"138 304 636";"B01";"1";"7";"0";"2";"9";"1";"1";""
"201900001054";"138 304 637";"C01";"1";"7";"0";"2";"1";"1";"0";""
"201900001055";"138 304 632";"A01";"1";"7";"0";"2";"1";"2";"1";""
"201900001055";"138 304 633";"B01";"1";"7";"0";"2";"4";"2";"1";""
"201900001055";"138 304 634";"C01";"1";"7";"0";"2";"4";"2";"1";""
"201900001056";"138 304 630";"B01";"1";"33";"0";"2";"1";"1";"1";""
"201900001056";"138 304 631";"A01";"1";"7";"0";"2";"4";"11";"1";""
"201900001057";"138 304 626";"B01";"1";"7";"0";"2";"4";"2";"1";""
"201900001057";"138 304 627";"D01";"1";"7";"0";"0";"4";"2";"1";""
"201900001057";"138 304 628";"C01";"1";"7";"0";"2";"4";"2";"1";""
"201900001057";"138 304 629";"A01";"1";"7";"0";"2";"1";"2";"1";""
"201900001058";"138 304 624";"A01";"2";"10";"0";"2";"1";"2";"1";""
"201900001058";"138 304 625";"B01";"2";"10";"0";"2";"4";"2";"1";""
"201900001059";"138 304 621";"B01";"2";"7";"0";"2";"4";"1";"1";""
"201900001059";"138 304 622";"C01";"2";"10";"0";"2";"4";"2";"1";""
"201900001059";"138 304 623";"A01";"2";"7";"0";"2";"1";"9";"1";""
"201900001060";"138 304 620";"A01";"1";"7";"4";"0";"8";"1";"1";""
"201900001061";"138 304 619";"A01";"2";"7";"0";"1";"2";"21";"1";""
"201900001062";"138 304 617";"A01";"1";"7";"4";"2";"3";"13";"1";""
"201900001062";"138 304 618";"B01";"1";"14";"0";"2";"3";"1";"1";""
"201900001063";"138 304 615";"B01";"2";"10";"0";"2";"6";"2";"1";""
"201900001063";"138 304 616";"A01";"1";"10";"0";"2";"2";"2";"1";""
"201900001064";"138 304 611";"D01";"1";"7";"0";"2";"4";"2";"1";""
"201900001064";"138 304 612";"C01";"1";"7";"0";"2";"4";"2";"1";""
"201900001064";"138 304 613";"B01";"1";"7";"0";"2";"4";"2";"1";""
"201900001064";"138 304 614";"A01";"1";"7";"0";"2";"1";"2";"1";""
"201900001065";"138 304 609";"A01";"1";"7";"0";"2";"1";"14";"1";""
"201900001065";"138 304 610";"B01";"1";"17";"0";"2";"4";"1";"1";""
"201900001066";"138 304 607";"A01";"2";"7";"0";"2";"1";"2";"1";""
"201900001066";"138 304 608";"B01";"2";"7";"0";"2";"4";"2";"1";""
"201900001067";"138 304 603";"C01";"2";"7";"0";"2";"7";"0";"1";""
"201900001067";"138 304 604";"B01";"2";"17";"0";"2";"4";"1";"1";""
"201900001067";"138 304 605";"A01";"2";"7";"1";"0";"1";"12";"1";""
"201900001068";"138 304 600";"B01";"2";"7";"0";"2";"4";"21";"1";""
"201900001068";"138 304 601";"C01";"1";"7";"0";"2";"8";"1";"1";""
"201900001068";"138 304 602";"A01";"2";"7";"0";"2";"1";"1";"1";""
"201900001069";"138 304 599";"A01";"3";"33";"0";"0";"7";"26";"1";""
"201900001070";"138 304 596";"B01";"1";"10";"0";"2";"4";"2";"1";""
"201900001070";"138 304 597";"C01";"1";"10";"0";"2";"4";"2";"1";""
"201900001070";"138 304 598";"A01";"1";"7";"0";"2";"1";"2";"1";""
"201900001071";"138 304 594";"B01";"1";"7";"0";"2";"4";"1";"1";""
"201900001071";"138 304 595";"A01";"1";"7";"0";"2";"1";"1";"1";""
"201900001072";"138 304 591";"C01";"2";"7";"0";"2";"4";"1";"1";""
"201900001072";"138 304 592";"B01";"2";"7";"0";"2";"6";"0";"1";""
"201900001072";"138 304 593";"A01";"2";"7";"0";"2";"2";"0";"1";""
"201900001073";"138 304 589";"Z01";"1";"17";"0";"2";"7";"0";"0";""
"201900001073";"138 304 590";"A01";"1";"7";"0";"2";"8";"9";"1";""
"201900001074";"138 304 587";"A01";"2";"7";"0";"2";"5";"26";"1";""
"201900001074";"138 304 588";"B01";"2";"15";"0";"2";"3";"1";"1";""
"201900001075";"138 304 585";"B01";"2";"7";"0";"2";"6";"1";"1";""
"201900001075";"138 304 586";"A01";"2";"15";"0";"2";"2";"12";"1";""
"201900001076";"138 304 583";"A01";"1";"10";"0";"2";"1";"1";"1";""
"201900001076";"138 304 584";"B01";"1";"10";"0";"2";"4";"2";"1";""
"201900001077";"138 304 582";"A01";"2";"33";"0";"0";"3";"1";"1";""
"201900001078";"138 304 581";"A01";"2";"34";"0";"0";"0";"0";"1";""
"201900001079";"138 304 578";"B01";"2";"7";"0";"2";"4";"1";"1";""
"201900001079";"138 304 579";"C01";"2";"7";"0";"2";"4";"1";"1";""
"201900001079";"138 304 580";"A01";"2";"10";"0";"2";"1";"1";"1";""
"201900001080";"138 304 576";"B01";"2";"7";"0";"2";"4";"2";"1";""
"201900001080";"138 304 577";"A01";"2";"7";"0";"2";"1";"2";"1";""
"201900001081";"138 304 575";"A01";"1";"31";"0";"0";"8";"1";"1";""
"201900001082";"138 304 574";"A01";"2";"7";"13";"0";"1";"21";"1";""
"201900001083";"138 304 573";"A01";"1";"7";"3";"0";"1";"26";"1";""
"201900001084";"138 304 570";"C01";"2";"7";"0";"2";"4";"2";"1";""
"201900001084";"138 304 571";"B01";"2";"10";"0";"2";"1";"2";"1";""
"201900001084";"138 304 572";"A01";"2";"7";"0";"2";"2";"0";"1";""
"201900001085";"138 304 568";"A01";"1";"7";"14";"2";"1";"1";"1";""
"201900001085";"138 304 569";"B01";"1";"7";"0";"2";"1";"1";"1";""
"201900001086";"138 304 566";"B01";"2";"7";"0";"2";"6";"11";"1";""
"201900001086";"138 304 567";"A01";"2";"33";"0";"2";"2";"3";"1";""
"201900001087";"138 304 564";"B01";"2";"33";"0";"2";"5";"3";"0";""
"201900001087";"138 304 565";"A01";"2";"7";"0";"2";"3";"11";"1";""
"201900001088";"138 304 562";"B01";"2";"7";"0";"2";"1";"2";"1";""
"201900001088";"138 304 563";"A01";"2";"7";"0";"2";"4";"2";"1";""
"201900001089";"138 304 561";"A01";"2";"7";"4";"0";"1";"13";"1";""
"201900001090";"138 304 559";"B01";"1";"7";"0";"2";"3";"11";"1";""
"201900001090";"138 304 560";"A01";"1";"7";"0";"2";"7";"1";"1";""
"201900001091";"138 304 557";"B01";"1";"7";"0";"2";"4";"2";"1";""
"201900001091";"138 304 558";"Z01";"1";"7";"0";"2";"1";"2";"1";""
"201900001092";"138 304 555";"B01";"1";"7";"0";"2";"5";"1";"1";""
"201900001092";"138 304 556";"A01";"1";"7";"3";"2";"1";"14";"1";""
"201900001093";"138 304 553";"B01";"2";"7";"0";"2";"2";"12";"1";""
"201900001093";"138 304 554";"A01";"2";"15";"0";"2";"6";"1";"1";""
"201900001094";"138 304 551";"A01";"2";"7";"0";"2";"1";"2";"1";""
"201900001094";"138 304 552";"B01";"2";"7";"0";"2";"4";"2";"1";""
"201900001095";"138 304 549";"A01";"2";"7";"0";"2";"1";"2";"1";""
"201900001095";"138 304 550";"B01";"2";"7";"0";"2";"4";"2";"1";""
"201900001096";"138 304 547";"B01";"1";"7";"0";"2";"4";"2";"1";""
"201900001096";"138 304 548";"A01";"1";"7";"0";"2";"1";"2";"1";""
"201900001097";"138 304 544";"A01";"1";"7";"0";"2";"1";"2";"1";""
"201900001097";"138 304 545";"B01";"1";"7";"0";"2";"4";"2";"1";""
"201900001097";"138 304 546";"C01";"1";"7";"0";"2";"4";"1";"1";""
"201900001098";"138 304 540";"Z01";"1";"7";"0";"2";"0";"11";"1";""
"201900001098";"138 304 541";"C01";"1";"7";"0";"2";"1";"2";"1";""
"201900001098";"138 304 542";"D01";"1";"7";"0";"2";"2";"2";"1";""
"201900001098";"138 304 543";"B01";"1";"7";"0";"2";"8";"2";"1";""
"201900001099";"138 304 539";"A01";"1";"7";"4";"0";"3";"0";"2";""
"201900001100";"138 304 538";"A01";"1";"7";"4";"0";"1";"1";"1";""
"201900001101";"138 304 534";"A01";"2";"7";"0";"2";"1";"2";"1";""
"201900001101";"138 304 535";"C01";"2";"7";"0";"2";"4";"2";"1";""
"201900001101";"138 304 536";"D01";"2";"17";"0";"2";"4";"2";"1";""
"201900001101";"138 304 537";"B01";"2";"10";"0";"2";"4";"2";"1";""
"201900001102";"138 304 533";"A01";"1";"7";"4";"0";"9";"0";"1";""
"201900001103";"138 304 530";"A01";"1";"7";"4";"2";"4";"2";"1";""
"201900001103";"138 304 531";"C01";"1";"7";"0";"2";"8";"1";"1";""
"201900001103";"138 304 532";"B01";"1";"7";"0";"2";"1";"2";"1";""
"201900001104";"138 304 527";"A01";"1";"10";"0";"2";"1";"2";"1";""
"201900001104";"138 304 528";"B01";"1";"10";"1";"0";"1";"2";"1";""
"201900001104";"138 304 529";"C01";"1";"7";"0";"2";"4";"23";"1";""
"201900001105";"138 304 525";"B01";"1";"7";"0";"2";"2";"1";"1";""
"201900001105";"138 304 526";"A01";"1";"7";"0";"2";"6";"11";"1";""
"201900001106";"138 304 522";"C01";"2";"7";"0";"2";"4";"2";"1";""
"201900001106";"138 304 523";"B01";"2";"7";"0";"2";"4";"2";"1";""
"201900001106";"138 304 524";"A01";"2";"7";"0";"2";"1";"2";"1";""
"201900001107";"138 304 520";"A01";"2";"33";"0";"2";"1";"3";"1";""
"201900001107";"138 304 521";"B01";"2";"7";"0";"2";"4";"0";"1";""
"201900001108";"138 304 519";"A01";"1";"7";"14";"0";"9";"26";"1";""
"201900001109";"138 304 518";"A01";"2";"7";"16";"0";"9";"26";"1";""
"201900001110";"138 304 516";"A01";"2";"7";"4";"0";"3";"1";"1";""
"201900001110";"138 304 517";"B01";"2";"7";"0";"0";"4";"23";"1";""
"201900001111";"138 304 514";"A01";"2";"33";"0";"2";"1";"9";"1";""
"201900001111";"138 304 515";"B01";"2";"7";"0";"2";"4";"1";"1";""
"201900001112";"138 304 512";"A01";"2";"10";"0";"0";"0";"2";"1";""
"201900001112";"138 304 513";"B01";"2";"17";"0";"2";"8";"2";"1";""
"201900001113";"138 304 510";"B01";"1";"7";"0";"2";"5";"1";"1";""
"201900001113";"138 304 511";"A01";"1";"33";"0";"2";"3";"3";"1";""
"201900001114";"138 304 509";"A01";"2";"7";"4";"0";"9";"1";"1";""
"201900001115";"138 304 508";"A01";"1";"33";"0";"0";"4";"3";"1";""
"201900001116";"138 304 505";"A01";"1";"7";"0";"2";"1";"1";"1";""
"201900001116";"138 304 506";"B01";"1";"7";"0";"2";"4";"1";"1";""
"201900001116";"138 304 507";"C01";"1";"7";"0";"2";"4";"1";"1";""