"Num_Acc";"id_vehicule";"num_veh";"senc";"catv";"obs";"obsm";"choc";"manv";"motor";"occutc"
"201900001281";"138 304 151";"A01";"2";"33";"0";"2";"0";"21";"1";""
"201900001282";"138 304 149";"B01";"2";"7";"0";"2";"5";"14";"0";""
"201900001282";"138 304 150";"A01";"2";"33";"0";"2";"1";"3";"1";""
"201900001283";"138 304 148";"A01";"1";"7";"11";"0";"1";"14";"1";""
"201900001284";"138 304 144";"D01";"2";"7";"0";"2";"6";"2";"1";""
"201900001284";"138 304 145";"C01";"2";"10";"0";"2";"5";"2";"1";""
"201900001284";"138 304 146";"B01";"2";"7";"0";"2";"0";"2";"1";""
"201900001284";"138 304 147";"A01";"2";"7";"0";"2";"1";"1";"1";""
"201900001285";"138 304 140";"D01";"1";"7";"0";"2";"2";"1";"1";""
"201900001285";"138 304 141";"C01";"1";"10";"0";"2";"8";"1";"1";""
"201900001285";"138 304 142";"B01";"1";"7";"0";"2";"5";"1";"1";""
"201900001285";"138 304 143";"A01";"1";"33";"0";"2";"8";"3";"1";""
"201900001286";"138 304 139";"A01";"2";"7";"0";"6";"9";"14";"1";""
"201900001287";"138 304 137";"B01";"1";"7";"0";"2";"2";"12";"1";""
"201900001287";"138 304 138";"A01";"1";"32";"0";"2";"1";"3";"1";""
"201900001288";"138 304 134";"C01";"2";"33";"0";"2";"7";"1";"1";""
"201900001288";"138 304 135";"B01";"2";"7";"3";"2";"4";"23";"1";""
"201900001288";"138 304 136";"A01";"2";"7";"0";"2";"1";"2";"1";""
"201900001289";"138 304 133";"A01";"1";"7";"0";"0";"0";"9";"1";""
"201900001290";"138 304 132";"A01";"1";"7";"0";"1";"1";"1";"1";""
"201900001291";"138 304 130";"A01";"1";"7";"0";"2";"1";"1";"1";""
"201900001291";"138 304 131";"B01";"1";"17";"0";"2";"4";"1";"1";""
"201900001292";"138 304 129";"A01";"2";"33";"0";"2";"0";"1";"1";""
"201900001293";"138 304 128";"A01";"1";"15";"0";"1";"1";"1";"1";""
"201900001294";"138 304 127";"A01";"2";"7";"7";"0";"1";"1";"1";""
"201900001295";"138 304 126";"A01";"2";"7";"0";"0";"0";"1";"1";""
"201900001296";"138 304 123";"A01";"1";"10";"0";"2";"1";"1";"1";""
"201900001296";"138 304 124";"C01";"1";"10";"0";"2";"4";"1";"1";""
"201900001296";"138 304 125";"B01";"1";"10";"0";"2";"4";"1";"1";""
"201900001297";"138 304 119";"D01";"2";"7";"0";"2";"4";"2";"3";""
"201900001297";"138 304 120";"B01";"2";"7";"0";"2";"4";"2";"1";""
"201900001297";"138 304 121";"C01";"2";"7";"0";"2";"4";"2";"1";""
"201900001297";"138 304 122";"A01";"2";"7";"0";"2";"1";"2";"1";""
"201900001298";"138 304 117";"A01";"2";"7";"0";"2";"7";"12";"1";""
"201900001298";"138 304 118";"B01";"2";"31";"0";"2";"8";"3";"1";""
"201900001299";"138 304 115";"B01";"2";"33";"0";"2";"8";"3";"1";""
"201900001299";"138 304 116";"A01";"2";"7";"0";"2";"7";"14";"1";""
"201900001300";"138 304 112";"A01";"1";"7";"0";"2";"7";"1";"1";""
"201900001300";"138 304 113";"C01";"1";"33";"0";"2";"2";"3";"1";""
"201900001300";"138 304 114";"B01";"1";"17";"0";"2";"6";"1";"1";""
"201900001301";"138 304 109";"C01";"1";"7";"0";"2";"5";"1";"1";""
"201900001301";"138 304 110";"B01";"1";"33";"0";"2";"3";"3";"1";""
"201900001301";"138 304 111";"A01";"1";"7";"0";"2";"3";"12";"1";""
"201900001302";"138 304 107";"B01";"2";"15";"0";"2";"1";"1";"1";""
"201900001302";"138 304 108";"A01";"2";"7";"0";"2";"4";"1";"1";""
"201900001303";"138 304 103";"D01";"2";"7";"0";"2";"0";"0";"0";""
"201900001303";"138 304 104";"B01";"2";"7";"0";"2";"0";"0";"0";""
"201900001303";"138 304 105";"C01";"2";"7";"0";"2";"0";"0";"0";""
"201900001303";"138 304 106";"A01";"2";"7";"0";"2";"1";"2";"0";""
"201900001304";"138 304 101";"A01";"2";"7";"1";"0";"1";"2";"1";""
"201900001304";"138 304 102";"B01";"2";"7";"0";"2";"4";"23";"1";""
"201900001305";"138 304 099";"B01";"1";"7";"0";"2";"1";"1";"1";""
"201900001305";"138 304 100";"A01";"2";"7";"0";"2";"1";"5";"1";""
"201900001306";"138 304 097";"A01";"1";"10";"0";"2";"8";"13";"1";""
"201900001306";"138 304 098";"B01";"1";"15";"0";"2";"2";"1";"1";""
"201900001307";"138 304 095";"A01";"2";"34";"0";"2";"1";"2";"1";""
"201900001307";"138 304 096";"B01";"2";"10";"0";"2";"4";"2";"1";""
"201900001308";"138 304 093";"B01";"2";"15";"0";"0";"0";"0";"1";""
"201900001308";"138 304 094";"A01";"2";"7";"0";"0";"0";"0";"1";""
"201900001309";"138 304 091";"B01";"1";"7";"0";"2";"4";"2";"1";""
"201900001309";"138 304 092";"A01";"1";"43";"0";"2";"1";"2";"1";""
"201900001310";"138 304 089";"B01";"1";"7";"0";"2";"8";"18";"1";""
"201900001310";"138 304 090";"A01";"1";"13";"0";"2";"2";"12";"1";""
"201900001311";"138 304 087";"B01";"2";"33";"0";"2";"2";"1";"1";""
"201900001311";"138 304 088";"A01";"2";"10";"0";"2";"8";"11";"1";""
"201900001312";"138 304 085";"A01";"2";"7";"0";"2";"2";"12";"1";""
"201900001312";"138 304 086";"B01";"2";"31";"0";"2";"8";"3";"1";""
"201900001313";"138 304 081";"A01";"1";"7";"0";"2";"1";"2";"1";""
"201900001313";"138 304 082";"C01";"1";"7";"0";"2";"4";"2";"1";""
"201900001313";"138 304 083";"B01";"1";"7";"0";"2";"4";"2";"1";""
"201900001313";"138 304 084";"D01";"1";"7";"0";"2";"4";"2";"3";""
"201900001314";"138 304 079";"A01";"2";"33";"0";"2";"1";"14";"1";""
"201900001314";"138 304 080";"B01";"2";"10";"0";"2";"5";"1";"1";""
"201900001315";"138 304 074";"B01";"1";"7";"0";"2";"4";"2";"1";""
"201900001315";"138 304 075";"C01";"1";"7";"0";"2";"4";"2";"1";""
"201900001315";"138 304 076";"A01";"1";"7";"0";"2";"1";"2";"1";""
"201900001316";"138 304 072";"B01";"2";"7";"0";"2";"4";"1";"1";""
"201900001316";"138 304 073";"A01";"2";"7";"0";"2";"1";"1";"1";""
"201900001317";"138 304 070";"A01";"2";"33";"0";"2";"7";"1";"1";""
"201900001317";"138 304 071";"B01";"2";"7";"0";"2";"4";"1";"1";""
"201900001318";"138 304 069";"A01";"1";"7";"3";"0";"1";"18";"1";""
"201900001319";"138 304 067";"A01";"2";"33";"0";"2";"8";"11";"1";""
"201900001319";"138 304 068";"B01";"2";"99";"0";"2";"7";"1";"1";""
"201900001320";"138 304 066";"A01";"1";"7";"6";"0";"1";"14";"1";""
"201900001321";"138 304 064";"B01";"1";"7";"0";"2";"4";"1";"1";""
"201900001321";"138 304 065";"A01";"1";"10";"0";"2";"1";"1";"0";""
"201900001322";"138 304 062";"B01";"1";"7";"0";"2";"4";"1";"1";""
"201900001322";"138 304 063";"A01";"1";"7";"0";"2";"2";"18";"1";""
"201900001323";"138 304 059";"B01";"2";"10";"0";"2";"4";"0";"1";""
"201900001323";"138 304 060";"C01";"2";"7";"0";"0";"4";"1";"1";""
"201900001323";"138 304 061";"A01";"2";"7";"0";"2";"1";"1";"1";""
"201900001324";"138 304 057";"B01";"2";"10";"0";"2";"4";"1";"1";""
"201900001324";"138 304 058";"A01";"2";"7";"0";"2";"1";"2";"1";""
"201900001325";"138 304 055";"B01";"1";"33";"0";"2";"3";"3";"0";""
"201900001325";"138 304 056";"A01";"1";"7";"0";"0";"2";"12";"1";""
"201900001326";"138 304 052";"C01";"1";"7";"0";"2";"4";"1";"1";""
"201900001326";"138 304 053";"Z01";"1";"7";"0";"2";"3";"11";"1";""
"201900001326";"138 304 054";"B01";"0";"34";"0";"2";"7";"1";"1";""
"201900001327";"138 304 050";"B01";"2";"7";"0";"2";"4";"1";"1";""
"201900001327";"138 304 051";"A01";"2";"7";"0";"2";"1";"1";"1";""
"201900001328";"138 304 048";"A01";"1";"31";"0";"2";"3";"11";"1";""
"201900001328";"138 304 049";"B01";"1";"7";"0";"2";"5";"1";"1";""
"201900001329";"138 304 046";"B01";"2";"33";"0";"2";"1";"3";"1";""
"201900001329";"138 304 047";"A01";"2";"33";"0";"2";"4";"3";"1";""
"201900001330";"138 304 044";"B01";"2";"7";"1";"0";"2";"0";"1";""
"201900001330";"138 304 045";"A01";"2";"17";"1";"2";"6";"23";"1";""
"201900001331";"138 304 043";"A01";"2";"99";"13";"0";"1";"1";"1";""
"201900001332";"138 304 040";"B01";"2";"7";"0";"2";"0";"0";"1";""
"201900001332";"138 304 041";"C01";"2";"15";"0";"2";"3";"0";"1";""
"201900001332";"138 304 042";"A01";"1";"7";"4";"2";"1";"0";"1";""
"201900001333";"138 304 039";"A01";"1";"34";"14";"0";"0";"12";"1";""
"201900001334";"138 304 037";"A01";"1";"10";"0";"2";"1";"1";"1";""
"201900001334";"138 304 038";"B01";"2";"7";"0";"2";"4";"1";"1";""
"201900001335";"138 304 036";"A01";"2";"34";"0";"0";"7";"13";"1";""
"201900001336";"138 304 032";"D01";"2";"10";"0";"2";"6";"2";"1";""
"201900001336";"138 304 033";"B01";"2";"7";"0";"2";"6";"1";"1";""
"201900001336";"138 304 034";"C01";"2";"7";"0";"2";"4";"2";"1";""
"201900001336";"138 304 035";"A01";"2";"7";"0";"2";"1";"2";"1";""
"201900001337";"138 304 030";"A01";"2";"7";"0";"2";"5";"12";"1";""
"201900001337";"138 304 031";"B01";"2";"33";"0";"2";"3";"2";"1";""
"201900001338";"138 304 028";"A01";"1";"43";"0";"2";"1";"1";"1";""
"201900001338";"138 304 029";"B01";"3";"7";"0";"2";"5";"1";"1";""
"201900001339";"138 304 027";"A01";"1";"7";"4";"0";"3";"1";"1";""
"201900001340";"138 304 026";"A01";"2";"10";"4";"0";"1";"1";"1";""
"201900001341";"138 304 025";"A01";"2";"7";"3";"0";"1";"1";"1";""
"201900001342";"138 304 024";"A01";"1";"15";"4";"0";"1";"1";"1";""
"201900001343";"138 304 023";"A01";"1";"7";"4";"0";"1";"13";"1";""
"201900001344";"138 304 020";"B01";"2";"10";"0";"2";"6";"24";"0";""
"201900001344";"138 304 021";"Z01";"2";"7";"1";"2";"1";"9";"1";""
"201900001344";"138 304 022";"A01";"2";"7";"1";"2";"4";"1";"1";""
"201900001345";"138 304 017";"B01";"2";"7";"0";"2";"4";"2";"1";""
"201900001345";"138 304 018";"C01";"2";"7";"0";"2";"4";"2";"1";""
"201900001345";"138 304 019";"A01";"2";"7";"0";"2";"1";"2";"1";""
"201900001346";"138 304 015";"A01";"2";"10";"3";"2";"2";"1";"1";""
"201900001346";"138 304 016";"B01";"2";"7";"0";"2";"5";"1";"1";""
"201900001347";"138 304 011";"A01";"1";"33";"0";"2";"2";"17";"1";""
"201900001347";"138 304 012";"B01";"1";"7";"0";"2";"6";"12";"1";""
"201900001347";"138 304 013";"C01";"2";"7";"0";"2";"1";"1";"1";""
"201900001347";"138 304 014";"D01";"2";"7";"0";"2";"1";"1";"1";""
"201900001348";"138 304 010";"A01";"2";"33";"0";"0";"2";"3";"1";""
"201900001349";"138 304 005";"A01";"2";"13";"0";"2";"1";"2";"1";""
"201900001349";"138 304 006";"B01";"2";"10";"0";"2";"4";"1";"1";""
"201900001350";"138 304 004";"A01";"2";"33";"0";"2";"8";"1";"1";""
"201900001351";"138 304 002";"A01";"1";"7";"1";"0";"5";"26";"1";""
"201900001351";"138 304 003";"B01";"1";"7";"1";"0";"6";"9";"1";""
"201900001352";"138 304 001";"A01";"2";"7";"4";"0";"3";"0";"1";""
"201900001353";"138 304 000";"A01";"1";"33";"3";"0";"0";"1";"0";""
"201900001354";"138 303 998";"B01";"1";"7";"0";"2";"4";"2";"1";""
"201900001354";"138 303 999";"A01";"1";"7";"0";"2";"1";"2";"1";""
"201900001355";"138 303 996";"B01";"1";"7";"0";"2";"1";"2";"1";""
"201900001355";"138 303 997";"A01";"1";"7";"0";"2";"5";"2";"1";""
"201900001356";"138 303 992";"D01";"2";"7";"0";"2";"6";"1";"0";""
"201900001356";"138 303 993";"C01";"2";"7";"0";"2";"4";"1";"0";""
"201900001356";"138 303 994";"B01";"2";"7";"0";"2";"8";"1";"1";""
"201900001356";"138 303 995";"A01";"2";"7";"0";"2";"3";"26";"1";""
"201900001357";"138 303 990";"A01";"1";"17";"1";"0";"2";"1";"1";""
"201900001357";"138 303 991";"B01";"1";"7";"0";"2";"6";"23";"1";""
"201900001358";"138 303 986";"A01";"1";"7";"0";"2";"3";"1";"0";""
"201900001358";"138 303 987";"B01";"1";"7";"4";"2";"5";"0";"0";""
"201900001359";"138 303 985";"A01";"1";"7";"0";"0";"0";"1";"1";""
"201900001360";"138 303 984";"A01";"1";"33";"0";"0";"7";"3";"1";""
"201900001361";"138 303 981";"C01";"2";"7";"0";"2";"8";"23";"1";""
"201900001361";"138 303 982";"B01";"2";"7";"0";"2";"5";"23";"1";""
"201900001361";"138 303 983";"A01";"2";"34";"0";"4";"1";"3";"1";""
"201900001362";"138 303 980";"A01";"1";"10";"4";"0";"3";"0";"1";""
"201900001363";"138 303 978";"B01";"2";"7";"0";"2";"6";"2";"1";""
"201900001363";"138 303 979";"A01";"2";"31";"0";"2";"1";"2";"1";""
"201900001364";"138 303 977";"A01";"2";"33";"0";"0";"8";"15";"1";""
"201900001365";"138 303 975";"B01";"3";"10";"0";"2";"2";"11";"1";""
"201900001365";"138 303 976";"A01";"3";"7";"0";"2";"1";"1";"1";""
"201900001366";"138 303 973";"B01";"3";"7";"0";"2";"7";"1";"1";""
"201900001366";"138 303 974";"A01";"3";"7";"0";"2";"2";"1";"1";""
"201900001367";"138 303 970";"C01";"0";"10";"0";"2";"4";"23";"1";""
"201900001367";"138 303 971";"B01";"3";"10";"0";"2";"4";"23";"1";""
"201900001367";"138 303 972";"A01";"1";"7";"0";"2";"1";"2";"1";""
"201900001368";"138 303 969";"A01";"3";"7";"0";"1";"1";"19";"1";""
"201900001369";"138 303 966";"C01";"2";"7";"0";"2";"1";"26";"1";""
"201900001369";"138 303 967";"B01";"2";"7";"0";"2";"4";"2";"1";""
"201900001369";"138 303 968";"A01";"3";"7";"0";"2";"1";"2";"1";""
"201900001370";"138 303 965";"A01";"3";"7";"0";"1";"3";"26";"1";""
"201900001371";"138 303 964";"A01";"3";"7";"0";"1";"1";"26";"1";""
"201900001372";"138 303 962";"B01";"3";"30";"0";"2";"2";"0";"0";""
"201900001372";"138 303 963";"A01";"3";"7";"0";"2";"3";"5";"0";""
"201900001373";"138 303 960";"B01";"2";"7";"0";"2";"8";"26";"1";""
"201900001373";"138 303 961";"A01";"2";"32";"0";"2";"1";"17";"1";""
"201900001374";"138 303 958";"A01";"1";"7";"0";"2";"3";"15";"1";""
"201900001374";"138 303 959";"B01";"2";"33";"0";"2";"1";"1";"1";""
"201900001375";"138 303 957";"A01";"2";"7";"0";"1";"3";"26";"0";""
"201900001376";"138 303 956";"A01";"2";"7";"0";"2";"3";"11";"1";""
"201900001377";"138 303 955";"A01";"2";"30";"0";"1";"1";"18";"0";""
"201900001378";"138 303 953";"B01";"2";"7";"0";"2";"1";"0";"1";""
"201900001378";"138 303 954";"A01";"2";"2";"0";"2";"4";"1";"1";""
"201900001379";"138 303 949";"A01";"2";"7";"0";"2";"1";"1";"0";""
"201900001379";"138 303 950";"B01";"2";"7";"0";"2";"4";"1";"0";""
"201900001379";"138 303 951";"C01";"1";"7";"0";"2";"4";"1";"1";""
"201900001379";"138 303 952";"D01";"2";"7";"0";"2";"4";"1";"0";""
"201900001380";"138 303 947";"B01";"2";"7";"0";"2";"8";"1";"1";""
"201900001380";"138 303 948";"A01";"1";"33";"0";"2";"8";"3";"1";""
"201900001381";"138 303 945";"A01";"1";"34";"0";"2";"7";"21";"1";""
"201900001381";"138 303 946";"B01";"1";"7";"0";"2";"3";"15";"1";""
"201900001382";"138 303 943";"A01";"2";"30";"0";"2";"3";"9";"1";""
"201900001382";"138 303 944";"B01";"1";"37";"0";"2";"2";"1";"1";"1"
"201900001383";"138 303 942";"B01";"3";"10";"0";"0";"4";"23";"1";""
"201900001384";"138 303 940";"B01";"1";"34";"0";"2";"1";"1";"1";""
"201900001384";"138 303 941";"A01";"1";"7";"0";"2";"8";"10";"1";""
"201900001385";"138 303 939";"A01";"1";"7";"0";"1";"3";"1";"1";""
"201900001386";"138 303 938";"A01";"1";"3";"2";"0";"1";"26";"1";""
"201900001387";"138 303 937";"A01";"1";"7";"6";"0";"1";"26";"1";""
"201900001388";"138 303 935";"A01";"3";"10";"0";"6";"5";"15";"0";""
"201900001388";"138 303 936";"B01";"3";"1";"0";"2";"1";"26";"0";""
"201900001389";"138 303 933";"A01";"3";"10";"0";"2";"1";"1";"1";""
"201900001389";"138 303 934";"B01";"3";"10";"0";"2";"4";"1";"1";""
"201900001390";"138 303 931";"A01";"1";"10";"3";"0";"9";"1";"1";""
"201900001391";"138 303 929";"A01";"0";"33";"0";"0";"1";"1";"1";""
"201900001392";"138 303 930";"B01";"1";"33";"0";"2";"3";"21";"1";""
"201900001392";"138 303 932";"A01";"1";"7";"0";"2";"3";"15";"1";""
"201900001393";"138 303 927";"B01";"1";"7";"0";"2";"4";"1";"1";""
"201900001393";"138 303 928";"Z01";"1";"10";"0";"2";"1";"1";"1";""
"201900001394";"138 303 925";"A01";"0";"33";"7";"0";"1";"2";"1";""
"201900001395";"138 303 924";"B01";"1";"7";"0";"2";"3";"9";"1";""
"201900001395";"138 303 926";"A01";"1";"7";"0";"2";"2";"16";"1";""
"201900001396";"138 303 922";"B01";"1";"3";"0";"2";"4";"15";"1";""
"201900001396";"138 303 923";"A01";"1";"30";"0";"2";"1";"17";"1";""
"201900001397";"138 303 921";"A01";"2";"15";"0";"1";"1";"1";"1";""
"201900001398";"138 303 919";"B01";"3";"7";"0";"2";"3";"1";"1";""
"201900001398";"138 303 920";"A01";"3";"10";"0";"2";"3";"15";"1";""
"201900001399";"138 303 918";"A01";"0";"7";"1";"1";"4";"4";"1";""
"201900001400";"138 303 912";"Z01";"2";"7";"0";"2";"4";"2";"0";""
"201900001400";"138 303 913";"C01";"2";"7";"0";"2";"1";"2";"1";""
"201900001400";"138 303 915";"B01";"2";"7";"0";"2";"1";"2";"1";""
"201900001400";"138 303 916";"A01";"2";"7";"0";"2";"1";"2";"1";""
"201900001401";"138 303 909";"A01";"0";"2";"0";"1";"1";"1";"1";""
"201900001402";"138 303 907";"B01";"0";"1";"0";"2";"8";"1";"5";""
"201900001402";"138 303 908";"A01";"0";"7";"0";"2";"3";"1";"1";""
"201900001403";"138 303 906";"A01";"1";"7";"0";"1";"2";"1";"1";""
"201900001404";"138 303 905";"A01";"1";"33";"0";"0";"9";"1";"1";""
"201900001405";"138 303 904";"A01";"1";"7";"13";"0";"9";"13";"1";""
"201900001406";"138 303 914";"B01";"2";"7";"0";"2";"7";"15";"1";""
"201900001406";"138 303 917";"A01";"1";"30";"0";"2";"1";"26";"1";""
"201900001407";"138 303 903";"A01";"1";"3";"13";"0";"2";"21";"1";""
"201900001408";"138 303 901";"A01";"1";"7";"0";"0";"1";"1";"1";""
"201900001409";"138 303 900";"A01";"3";"33";"0";"2";"1";"17";"1";""
"201900001409";"138 303 902";"B01";"3";"7";"0";"2";"1";"15";"1";""
"201900001410";"138 303 898";"A01";"2";"32";"0";"1";"1";"18";"1";""
"201900001411";"138 303 897";"B01";"1";"7";"0";"2";"4";"1";"1";""
"201900001411";"138 303 899";"A01";"1";"30";"0";"2";"1";"1";"1";""
"201900001412";"138 303 895";"A01";"3";"7";"12";"0";"6";"14";"1";""
"201900001413";"138 303 892";"A01";"1";"7";"0";"2";"1";"1";"1";""
"201900001413";"138 303 893";"B01";"1";"7";"0";"2";"4";"23";"1";""
"201900001413";"138 303 894";"C01";"1";"7";"0";"2";"4";"23";"1";""
"201900001413";"138 303 896";"D01";"1";"7";"0";"2";"4";"23";"1";""
"201900001414";"138 303 890";"A01";"2";"1";"9";"0";"1";"13";"5";""
"201900001415";"138 303 888";"A01";"0";"7";"0";"2";"1";"1";"1";""
"201900001415";"138 303 889";"B01";"0";"7";"0";"2";"8";"1";"1";""
"201900001416";"138 303 887";"A01";"3";"7";"0";"0";"0";"20";"1";""
"201900001417";"138 303 884";"B01";"3";"37";"0";"2";"4";"2";"1";"3"
"201900001417";"138 303 886";"A01";"3";"7";"0";"2";"1";"2";"1";""
"201900001418";"138 303 883";"A01";"1";"10";"12";"2";"3";"9";"1";""
"201900001418";"138 303 885";"B01";"1";"34";"6";"2";"1";"1";"1";""
"201900001419";"138 303 881";"A01";"2";"7";"0";"1";"8";"1";"1";""
"201900001420";"138 303 880";"A01";"3";"7";"0";"2";"3";"26";"1";""
"201900001420";"138 303 882";"B01";"3";"33";"0";"2";"1";"26";"1";""
"201900001421";"138 303 878";"B01";"2";"7";"0";"2";"3";"15";"1";""
"201900001421";"138 303 879";"A01";"1";"50";"0";"2";"1";"1";"3";""
"201900001422";"138 303 877";"A01";"1";"7";"0";"1";"3";"1";"1";""
"201900001423";"138 303 876";"Z01";"3";"7";"0";"1";"1";"1";"0";""
"201900001424";"138 303 875";"A01";"2";"7";"0";"1";"1";"15";"1";""
"201900001425";"138 303 874";"A01";"3";"7";"4";"0";"9";"9";"1";""
"201900001426";"138 303 872";"A01";"2";"1";"0";"2";"8";"19";"5";""
"201900001426";"138 303 873";"B01";"2";"7";"0";"2";"1";"1";"1";""
"201900001427";"138 303 868";"B01";"3";"34";"0";"2";"5";"13";"0";""
"201900001427";"138 303 870";"A01";"3";"7";"0";"2";"5";"23";"0";""
"201900001428";"138 303 866";"A01";"1";"30";"0";"2";"1";"11";"1";""
"201900001428";"138 303 867";"B01";"1";"7";"0";"2";"0";"26";"1";""
"201900001429";"138 303 869";"A01";"1";"7";"0";"2";"1";"1";"1";""
"201900001429";"138 303 871";"B01";"1";"33";"0";"2";"5";"1";"1";""
"201900001430";"138 303 862";"A01";"2";"34";"0";"1";"2";"19";"1";""
"201900001431";"138 303 859";"A01";"2";"34";"0";"2";"3";"2";"1";""
"201900001431";"138 303 860";"B01";"1";"7";"0";"2";"3";"11";"0";""
"201900001432";"138 303 857";"A01";"1";"7";"0";"2";"1";"0";"1";""
"201900001432";"138 303 858";"B01";"1";"7";"0";"2";"7";"1";"1";""
"201900001433";"138 303 855";"B01";"1";"7";"0";"1";"5";"23";"0";""
"201900001433";"138 303 856";"A01";"1";"30";"0";"2";"1";"2";"0";""
"201900001434";"138 303 854";"A01";"1";"7";"0";"1";"3";"1";"1";""
"201900001435";"138 303 853";"A01";"0";"10";"0";"1";"6";"20";"1";""
"201900001436";"138 303 850";"B01";"2";"7";"0";"2";"4";"1";"1";""
"201900001436";"138 303 852";"A01";"2";"7";"0";"2";"1";"2";"1";""
"201900001437";"138 303 849";"A01";"1";"30";"0";"2";"7";"1";"1";""
"201900001437";"138 303 851";"Z01";"3";"7";"0";"2";"1";"1";"0";""
"201900001438";"138 303 846";"A01";"3";"7";"0";"2";"1";"13";"1";""
"201900001438";"138 303 848";"B01";"3";"33";"0";"2";"1";"1";"1";""
"201900001439";"138 303 845";"B01";"3";"14";"1";"0";"4";"24";"6";""
"201900001439";"138 303 847";"A01";"2";"30";"0";"2";"1";"1";"6";""
"201900001440";"138 303 844";"A01";"3";"7";"0";"1";"2";"15";"1";""
"201900001441";"138 303 843";"Z01";"1";"30";"0";"1";"0";"25";"0";""
"201900001442";"138 303 841";"A01";"1";"7";"1";"0";"2";"14";"1";""
"201900001442";"138 303 842";"B01";"1";"7";"1";"0";"6";"24";"1";""
"201900001443";"138 303 840";"A01";"1";"7";"8";"0";"1";"16";"0";""
"201900001444";"138 303 838";"B01";"2";"3";"0";"2";"1";"1";"1";""
"201900001444";"138 303 839";"A01";"1";"7";"0";"2";"1";"13";"1";""
"201900001445";"138 303 837";"A01";"1";"7";"8";"0";"1";"16";"0";""
"201900001446";"138 303 835";"B01";"1";"33";"0";"2";"7";"1";"1";""
"201900001446";"138 303 836";"A01";"0";"7";"0";"2";"1";"9";"1";""
"201900001447";"138 303 829";"B01";"3";"10";"0";"2";"2";"1";"1";""
"201900001447";"138 303 832";"A01";"3";"1";"0";"2";"3";"13";"5";""
"201900001448";"138 303 828";"A01";"1";"7";"16";"0";"1";"14";"1";""
"201900001449";"138 303 826";"B01";"1";"2";"0";"2";"3";"1";"0";""
"201900001449";"138 303 827";"A01";"1";"7";"0";"2";"2";"12";"0";""
"201900001450";"138 303 823";"C01";"1";"7";"0";"2";"4";"2";"1";""
"201900001450";"138 303 824";"B01";"1";"33";"0";"2";"4";"2";"1";""
"201900001450";"138 303 825";"A01";"1";"7";"1";"2";"1";"21";"1";""
"201900001451";"138 303 822";"A01";"1";"7";"0";"1";"1";"1";"1";""